{
  "Author": "attick",
  "Name": "Mouseover ActionRIP",
  "InternalName": "MOAction",
  "AssemblyVersion": "4.2.15.0",
  "Description": "This plugin lets you target friends or enemies like a macro, without the clunkiness of a macro. /pMOAction opens the configuration.",
  "ApplicableVersion": "any",
  "RepoUrl": "https://github.com/attickdoor/MOActionPlugin",
  "Tags": [
    "Mouseover",
    "Macro"
  ],
  "DalamudApiLevel": 10,
  "LoadRequiredState": 0,
  "LoadSync": false,
  "CanUnloadAsync": false,
  "LoadPriority": 0,
  "Punchline": "Mo' actions no problems",
  "AcceptsFeedback": true
}