{
  "Author": "VariableVixen",
  "Name": "TinyCommands",
  "InternalName": "TinyCmds",
  "AssemblyVersion": "7.0.8461.23235",
  "Description": "Adds tiny and simple but useful chat commands, and nothing more. It doesn't even have a UI.",
  "ApplicableVersion": "any",
  "RepoUrl": "https://github.com/PrincessRTFM/TinyCommands",
  "DalamudApiLevel": 8,
  "LoadRequiredState": 0,
  "LoadSync": false,
  "LoadPriority": 0,
  "Punchline": "Tiny, GUI-less convenience commands designed to make macros more powerful",
  "AcceptsFeedback": true
}